TIME:	0.020916223526	1
TIME:	0.0624511241913	2
TIME:	0.114544153214	3
TIME:	0.151617050171	4
TIME:	0.193250179291	5
TIME:	0.236701011658	6
TIME:	0.313928127289	7
TIME:	0.351683139801	8
TIME:	0.392507076263	9
TIME:	0.446926116943	10
TIME:	0.499213218689	11
TIME:	0.549178123474	12
TIME:	0.586297035217	13
TIME:	0.642779111862	14
TIME:	0.68975019455	15
TIME:	0.753288030624	16
TIME:	0.837462186813	17
TIME:	0.900866031647	18
TIME:	0.989799022675	19
TIME:	1.08212208748	20
TIME:	1.1364710331	21
TIME:	1.18570709229	22
TIME:	1.25212717056	23
TIME:	1.31561017036	24
TIME:	1.37613606453	25
TIME:	1.42762112617	26
TIME:	1.46588611603	27
TIME:	1.50554513931	28
TIME:	1.59040999413	29
TIME:	1.63204216957	30
TIME:	1.68524122238	31
TIME:	1.74648809433	32
TIME:	1.80969119072	33
TIME:	1.86443209648	34
TIME:	1.90403318405	35
TIME:	1.94519519806	36
TIME:	1.99295902252	37
TIME:	2.03147602081	38
TIME:	2.0946161747	39
TIME:	2.14092516899	40
TIME:	2.19150805473	41
TIME:	2.23863220215	42
TIME:	2.29247522354	43
TIME:	2.34196901321	44
TIME:	2.39026403427	45
TIME:	2.44472122192	46
TIME:	2.49254512787	47
TIME:	2.53880000114	48
TIME:	2.60015320778	49
TIME:	2.66487216949	50
TIME:	2.71163105965	51
TIME:	2.76872420311	52
TIME:	2.82437419891	53
TIME:	2.87407016754	54
TIME:	2.93635320663	55
TIME:	3.01724505424	56
TIME:	3.06706905365	57
TIME:	3.11553621292	58
TIME:	3.16536307335	59
TIME:	3.21622204781	60
TIME:	3.26356101036	61
TIME:	3.32779407501	62
TIME:	3.38088703156	63
TIME:	3.44388604164	64
TIME:	3.51506018639	65
TIME:	3.58954119682	66
TIME:	3.63842320442	67
TIME:	3.69645619392	68
TIME:	3.74664020538	69
TIME:	3.81873703003	70
TIME:	3.88528800011	71
TIME:	3.96327209473	72
TIME:	4.0179400444	73
TIME:	4.06910705566	74
TIME:	4.1201851368	75
TIME:	4.19424200058	76
TIME:	4.24679303169	77
TIME:	4.29861402512	78
TIME:	4.34821915627	79
TIME:	4.39949011803	80
TIME:	4.45245599747	81
TIME:	4.49993801117	82
TIME:	4.54810214043	83
TIME:	4.59526205063	84
TIME:	4.64219617844	85
TIME:	4.68999814987	86
TIME:	4.74471020699	87
TIME:	4.79292917252	88
TIME:	4.83983922005	89
TIME:	4.88914203644	90
TIME:	4.93894100189	91
TIME:	4.98904109001	92
TIME:	5.0430521965	93
TIME:	5.10112404823	94
TIME:	5.14944601059	95
TIME:	5.20054602623	96
TIME:	5.26333403587	97
TIME:	5.3465731144	98
TIME:	5.39860510826	99
TIME:	5.45695018768	100
TIME:	5.51534509659	101
TIME:	5.56886506081	102
TIME:	5.6180100441	103
TIME:	5.68752908707	104
TIME:	5.73611903191	105
TIME:	5.7908821106	106
TIME:	5.84899401665	107
TIME:	5.92409205437	108
TIME:	5.97437810898	109
TIME:	6.02833104134	110
TIME:	6.08674812317	111
TIME:	6.16552615166	112
TIME:	6.23859715462	113
TIME:	6.32081818581	114
TIME:	6.37542700768	115
TIME:	6.43045520782	116
TIME:	6.47856616974	117
TIME:	6.55877804756	118
TIME:	6.61135101318	119
TIME:	6.6579182148	120
TIME:	6.70938301086	121
TIME:	6.75906205177	122
TIME:	6.80713415146	123
TIME:	6.85001301765	124
TIME:	6.88999819756	125
TIME:	6.93266105652	126
TIME:	6.97905015945	127
TIME:	7.01790308952	128
TIME:	7.06174111366	129
TIME:	7.10613203049	130
TIME:	7.14803600311	131
TIME:	7.194272995	132
TIME:	7.24411416054	133
TIME:	7.28498005867	134
TIME:	7.3283200264	135
TIME:	7.37128400803	136
TIME:	7.42018914223	137
TIME:	7.47513508797	138
TIME:	7.51945519447	139
TIME:	7.56269407272	140
TIME:	7.60452604294	141
TIME:	7.6489470005	142
TIME:	7.6918489933	143
TIME:	7.73302102089	144
TIME:	7.78324818611	145
TIME:	7.8249001503	146
TIME:	7.87265205383	147
TIME:	7.91696119308	148
TIME:	7.95698809624	149
TIME:	8.00534415245	150
TIME:	8.05467605591	151
TIME:	8.09691119194	152
TIME:	8.14453721046	153
TIME:	8.18957209587	154
TIME:	8.22924208641	155
TIME:	8.27127408981	156
TIME:	8.31428217888	157
TIME:	8.35353207588	158
TIME:	8.39453005791	159
TIME:	8.43477201462	160
TIME:	8.47560715675	161
TIME:	8.5163230896	162
TIME:	8.56197404861	163
TIME:	8.60172104836	164
TIME:	8.64831209183	165
TIME:	8.68916511536	166
TIME:	8.72908401489	167
TIME:	8.7703461647	168
TIME:	8.81197214127	169
TIME:	8.85451221466	170
TIME:	8.89862203598	171
TIME:	8.9357111454	172
TIME:	8.98372220993	173
TIME:	9.02948307991	174
TIME:	9.07203912735	175
TIME:	9.11133122444	176
TIME:	9.17168807983	177
TIME:	9.21203613281	178
TIME:	9.26647806168	179
TIME:	9.3137011528	180
TIME:	9.35793399811	181
TIME:	9.40808105469	182
TIME:	9.45483803749	183
TIME:	9.50228500366	184
TIME:	9.56444215775	185
TIME:	9.61551117897	186
TIME:	9.67998099327	187
TIME:	9.73168516159	188
TIME:	9.78313422203	189
TIME:	9.83577203751	190
TIME:	9.88286519051	191
TIME:	9.93419504166	192
TIME:	9.98792600632	193
TIME:	10.0366740227	194
TIME:	10.0856301785	195
TIME:	10.1392760277	196
TIME:	10.1950771809	197
TIME:	10.2508912086	198
TIME:	10.301254034	199
TIME:	10.3530580997	200
TIME:	10.4054441452	201
TIME:	10.4534540176	202
TIME:	10.5041980743	203
TIME:	10.5595400333	204
TIME:	10.6011691093	205
TIME:	10.6472730637	206
TIME:	10.6919620037	207
TIME:	10.7338621616	208
TIME:	10.7781860828	209
TIME:	10.8331100941	210
TIME:	10.8786931038	211
TIME:	10.9321460724	212
TIME:	10.9853210449	213
TIME:	11.0364441872	214
TIME:	11.084564209	215
TIME:	11.1457262039	216
TIME:	11.1952691078	217
TIME:	11.2420032024	218
TIME:	11.2994651794	219
TIME:	11.3514711857	220
TIME:	11.4054720402	221
TIME:	11.4527699947	222
TIME:	11.5009241104	223
TIME:	11.5805361271	224
TIME:	11.6284911633	225
TIME:	11.6736872196	226
TIME:	11.7371110916	227
TIME:	11.7827811241	228
TIME:	11.8380579948	229
TIME:	11.8991010189	230
TIME:	11.9536921978	231
TIME:	12.0046691895	232
TIME:	12.0629401207	233
TIME:	12.1175410748	234
TIME:	12.1765232086	235
TIME:	12.2358961105	236
TIME:	12.2972471714	237
TIME:	12.3636071682	238
TIME:	12.4205441475	239
TIME:	12.4772500992	240
TIME:	12.5353491306	241
TIME:	12.6038050652	242
TIME:	12.6649670601	243
TIME:	12.7176370621	244
TIME:	12.776900053	245
TIME:	12.8345181942	246
TIME:	12.8933610916	247
TIME:	12.9497010708	248
TIME:	13.0072472095	249
TIME:	13.068983078	250
TIME:	13.1308090687	251
TIME:	13.1792371273	252
TIME:	13.2238740921	253
TIME:	13.2813191414	254
TIME:	13.3275840282	255
TIME:	13.372439146	256
TIME:	13.4329531193	257
TIME:	13.4834971428	258
TIME:	13.5382890701	259
TIME:	13.5896971226	260
TIME:	13.6388130188	261
TIME:	13.6866312027	262
TIME:	13.7518382072	263
TIME:	13.7995359898	264
TIME:	13.8457040787	265
TIME:	13.9006221294	266
TIME:	13.9560492039	267
TIME:	14.0062050819	268
TIME:	14.0505561829	269
TIME:	14.0946760178	270
TIME:	14.13788414	271
TIME:	14.1758720875	272
TIME:	14.2394192219	273
TIME:	14.2864470482	274
TIME:	14.3366510868	275
TIME:	14.3837962151	276
TIME:	14.4308340549	277
TIME:	14.4851851463	278
TIME:	14.5325090885	279
TIME:	14.5819160938	280
TIME:	14.6332521439	281
TIME:	14.6822822094	282
TIME:	14.734536171	283
TIME:	14.7834770679	284
TIME:	14.8354949951	285
TIME:	14.8932161331	286
TIME:	14.9431350231	287
TIME:	14.9940860271	288
TIME:	15.0533061028	289
TIME:	15.1398961544	290
TIME:	15.1886692047	291
TIME:	15.2390940189	292
TIME:	15.2949771881	293
TIME:	15.3453722	294
TIME:	15.4022650719	295
TIME:	15.4639270306	296
TIME:	15.5136520863	297
TIME:	15.5667541027	298
TIME:	15.6297671795	299
TIME:	15.6987581253	300
TIME:	15.7493140697	301
TIME:	15.7998921871	302
TIME:	15.8477370739	303
TIME:	15.9248092175	304
TIME:	15.9877781868	305
TIME:	16.0711290836	306
TIME:	16.119145155	307
TIME:	16.1691610813	308
TIME:	16.2199110985	309
TIME:	16.2927720547	310
TIME:	16.3421320915	311
TIME:	16.3942492008	312
TIME:	16.4411430359	313
TIME:	16.4912240505	314
TIME:	16.5411381721	315
TIME:	16.5876162052	316
TIME:	16.6394572258	317
TIME:	16.6872181892	318
TIME:	16.7398312092	319
TIME:	16.7888422012	320
TIME:	16.8371250629	321
TIME:	16.885007143	322
TIME:	16.9330580235	323
TIME:	16.9837419987	324
TIME:	17.0371310711	325
TIME:	17.0857710838	326
TIME:	17.1377980709	327
TIME:	17.1977109909	328
TIME:	17.245896101	329
TIME:	17.2925581932	330
TIME:	17.35780406	331
TIME:	17.4693100452	332
TIME:	17.5226690769	333
TIME:	17.5780301094	334
TIME:	17.625138998	335
TIME:	17.6748831272	336
TIME:	17.726747036	337
TIME:	17.7902810574	338
TIME:	17.8471970558	339
TIME:	17.8989140987	340
TIME:	17.9556660652	341
TIME:	18.0337262154	342
TIME:	18.0898301601	343
TIME:	18.1432111263	344
TIME:	18.190816164	345
TIME:	18.2626302242	346
TIME:	18.3275060654	347
TIME:	18.4131271839	348
TIME:	18.4641671181	349
TIME:	18.5137650967	350
TIME:	18.5665740967	351
TIME:	18.6456491947	352
TIME:	18.696087122	353
TIME:	18.7465791702	354
TIME:	18.8007290363	355
TIME:	18.8515121937	356
TIME:	18.9028820992	357
TIME:	18.9549121857	358
TIME:	19.0163941383	359
TIME:	19.0657420158	360
TIME:	19.1188361645	361
TIME:	19.1915311813	362
TIME:	19.3160722256	363
TIME:	19.3894760609	364
TIME:	19.4856071472	365
TIME:	19.5876810551	366
TIME:	19.6864612103	367
TIME:	19.7814950943	368
TIME:	19.8408710957	369
TIME:	19.8898761272	370
TIME:	19.9391441345	371
TIME:	19.9916861057	372
TIME:	20.0516300201	373
TIME:	20.1216471195	374
TIME:	20.1754550934	375
TIME:	20.2289831638	376
TIME:	20.2793650627	377
TIME:	20.329282999	378
TIME:	20.380505085	379
TIME:	20.4395830631	380
TIME:	20.4925529957	381
TIME:	20.5468850136	382
TIME:	20.6003961563	383
TIME:	20.653137207	384
TIME:	20.7064480782	385
TIME:	20.7587502003	386
TIME:	20.8086102009	387
TIME:	20.877363205	388
TIME:	20.9310832024	389
TIME:	21.0000801086	390
TIME:	21.0524070263	391
TIME:	21.1034390926	392
TIME:	21.155632019	393
TIME:	21.2101130486	394
TIME:	21.2701041698	395
TIME:	21.3240301609	396
TIME:	21.376442194	397
TIME:	21.4335150719	398
TIME:	21.4834251404	399
TIME:	21.5324790478	400
TIME:	21.5842430592	401
TIME:	21.63966012	402
TIME:	21.6886310577	403
TIME:	21.7387440205	404
TIME:	21.7922000885	405
TIME:	21.84735322	406
TIME:	21.900329113	407
TIME:	21.9500291348	408
TIME:	21.997823	409
TIME:	22.05017519	410
TIME:	22.1150300503	411
TIME:	22.2018620968	412
TIME:	22.2753322124	413
TIME:	22.3415420055	414
TIME:	22.4190490246	415
TIME:	22.5074801445	416
TIME:	22.6044881344	417
TIME:	22.675055027	418
TIME:	22.7594561577	419
TIME:	22.8399600983	420
TIME:	22.9077072144	421
TIME:	22.9582571983	422
TIME:	23.0104091167	423
TIME:	23.0604732037	424
TIME:	23.1125431061	425
TIME:	23.1610620022	426
TIME:	23.2086951733	427
TIME:	23.2575352192	428
TIME:	23.3078172207	429
TIME:	23.3559510708	430
TIME:	23.4170851707	431
TIME:	23.4807991982	432
TIME:	23.545841217	433
TIME:	23.607530117	434
TIME:	23.6765091419	435
TIME:	23.7308402061	436
TIME:	23.7880311012	437
TIME:	23.841766119	438
TIME:	23.9046771526	439
TIME:	23.9585621357	440
TIME:	24.00923419	441
TIME:	24.0678892136	442
TIME:	24.1267740726	443
TIME:	24.1855950356	444
TIME:	24.2368671894	445
TIME:	24.3023500443	446
TIME:	24.4029641151	447
TIME:	24.4950711727	448
TIME:	24.5895562172	449
TIME:	24.6953601837	450
TIME:	24.8027780056	451
TIME:	24.9175570011	452
TIME:	25.0243310928	453
TIME:	25.1130120754	454
TIME:	25.2240571976	455
TIME:	25.311578989	456
TIME:	25.411752224	457
TIME:	25.5107691288	458
TIME:	25.6013062	459
TIME:	25.6844110489	460
TIME:	25.7432842255	461
TIME:	25.8178122044	462
TIME:	25.9168460369	463
TIME:	25.996931076	464
TIME:	26.0859460831	465
TIME:	26.1665580273	466
TIME:	26.23605299	467
TIME:	26.3270041943	468
TIME:	26.4356241226	469
TIME:	26.510890007	470
TIME:	26.5903310776	471
TIME:	26.6585772038	472
TIME:	26.7155430317	473
TIME:	26.7694141865	474
TIME:	26.8224771023	475
TIME:	26.8798520565	476
TIME:	26.9402952194	477
TIME:	26.9947969913	478
TIME:	27.0478670597	479
TIME:	27.1162450314	480
TIME:	27.1884510517	481
TIME:	27.2720000744	482
TIME:	27.3328471184	483
TIME:	27.4020822048	484
TIME:	27.4684181213	485
TIME:	27.5260801315	486
TIME:	27.5960490704	487
TIME:	27.654458046	488
TIME:	27.7150130272	489
TIME:	27.7589800358	490
TIME:	27.8000731468	491
TIME:	27.8417260647	492
TIME:	27.8804790974	493
TIME:	27.9198272228	494
TIME:	27.9582080841	495
TIME:	28.0006611347	496
TIME:	28.0418272018	497
TIME:	28.0860741138	498
TIME:	28.1330552101	499
TIME:	28.1839680672	500
TIME:	28.2613801956	501
TIME:	28.3088099957	502
TIME:	28.3502202034	503
TIME:	28.3941671848	504
TIME:	28.4384961128	505
TIME:	28.4848611355	506
TIME:	28.5280640125	507
TIME:	28.5714480877	508
TIME:	28.6135971546	509
TIME:	28.6530730724	510
TIME:	28.6926472187	511
TIME:	28.744230032	512
TIME:	28.7894279957	513
TIME:	28.8434691429	514
TIME:	28.8873801231	515
TIME:	28.9306371212	516
TIME:	28.9746060371	517
TIME:	29.023017168	518
TIME:	29.0669240952	519
TIME:	29.109842062	520
TIME:	29.1588799953	521
TIME:	29.1991970539	522
TIME:	29.2461521626	523
TIME:	29.2863500118	524
TIME:	29.3264620304	525
TIME:	29.3665101528	526
TIME:	29.4158401489	527
TIME:	29.4538190365	528
TIME:	29.4921560287	529
TIME:	29.5315711498	530
TIME:	29.5703060627	531
TIME:	29.6090350151	532
TIME:	29.6473431587	533
TIME:	29.6849851608	534
TIME:	29.7295241356	535
TIME:	29.7732231617	536
TIME:	29.8163950443	537
TIME:	29.8646731377	538
TIME:	29.9168140888	539
TIME:	29.9590060711	540
TIME:	30.0036811829	541
TIME:	30.046860218	542
TIME:	30.0915760994	543
TIME:	30.1343312263	544
TIME:	30.1971540451	545
TIME:	30.2415230274	546
TIME:	30.2851901054	547
TIME:	30.3391680717	548
TIME:	30.3906960487	549
TIME:	30.4392411709	550
TIME:	30.4813292027	551
TIME:	30.525370121	552
TIME:	30.5691461563	553
TIME:	30.6131980419	554
TIME:	30.6633350849	555
TIME:	30.7584831715	556
TIME:	30.85415411	557
TIME:	30.955876112	558
TIME:	31.0729510784	559
TIME:	31.1728181839	560
TIME:	31.2693190575	561
TIME:	31.3411819935	562
TIME:	31.4001421928	563
TIME:	31.4568450451	564
TIME:	31.5118410587	565
TIME:	31.5648620129	566
TIME:	31.6223180294	567
TIME:	31.6770870686	568
TIME:	31.7316122055	569
TIME:	31.8033361435	570
TIME:	31.9084219933	571
TIME:	31.981855154	572
TIME:	32.0380949974	573
TIME:	32.0998530388	574
TIME:	32.1580481529	575
TIME:	32.2164480686	576
TIME:	32.2770421505	577
TIME:	32.3356070518	578
TIME:	32.394947052	579
TIME:	32.459580183	580
TIME:	32.5161089897	581
TIME:	32.5706791878	582
TIME:	32.6376960278	583
TIME:	32.690349102	584
TIME:	32.7397050858	585
TIME:	32.7926909924	586
TIME:	32.8440279961	587
TIME:	32.8930821419	588
TIME:	32.9356501102	589
TIME:	32.9801571369	590
TIME:	33.0244951248	591
TIME:	33.0699651241	592
TIME:	33.1154770851	593
TIME:	33.188188076	594
TIME:	33.2808902264	595
TIME:	33.3740050793	596
TIME:	33.4537711143	597
TIME:	33.509417057	598
TIME:	33.5657629967	599
TIME:	33.6042301655	600
TIME:	33.6511361599	601
TIME:	33.6979620457	602
TIME:	33.7432641983	603
TIME:	33.7862830162	604
TIME:	33.8508291245	605
TIME:	33.9007000923	606
TIME:	33.9844231606	607
TIME:	34.0898141861	608
TIME:	34.1716170311	609
TIME:	34.2121341228	610
TIME:	34.2534410954	611
TIME:	34.2931880951	612
TIME:	34.3593440056	613
TIME:	34.4013450146	614
TIME:	34.4563331604	615
TIME:	34.5074691772	616
TIME:	34.5541441441	617
TIME:	34.604126215	618
TIME:	34.676762104	619
TIME:	34.7703850269	620
TIME:	34.8583371639	621
TIME:	34.9112701416	622
TIME:	34.9636690617	623
TIME:	35.0202281475	624
TIME:	35.0724921227	625
TIME:	35.1203861237	626
TIME:	35.1669921875	627
TIME:	35.2173101902	628
TIME:	35.2730350494	629
TIME:	35.3617470264	630
TIME:	35.4566841125	631
TIME:	35.5323359966	632
TIME:	35.6098220348	633
TIME:	35.6845061779	634
TIME:	35.7592492104	635
TIME:	35.8138561249	636
TIME:	35.8689951897	637
TIME:	35.9182360172	638
TIME:	35.9675061703	639
TIME:	36.0182340145	640
TIME:	36.0728909969	641
TIME:	36.1189160347	642
TIME:	36.1634562016	643
TIME:	36.2075901031	644
TIME:	36.259814024	645
TIME:	36.3186721802	646
TIME:	36.3780941963	647
TIME:	36.4346802235	648
TIME:	36.4962379932	649
TIME:	36.5638070107	650
TIME:	36.6155180931	651
TIME:	36.6635510921	652
TIME:	36.7191390991	653
TIME:	36.7797520161	654
TIME:	36.8271791935	655
TIME:	36.8735260963	656
TIME:	36.9213681221	657
TIME:	36.9728531837	658
TIME:	37.021654129	659
TIME:	37.0824182034	660
TIME:	37.1363232136	661
TIME:	37.1917250156	662
TIME:	37.2535231113	663
TIME:	37.3164551258	664
TIME:	37.3657791615	665
TIME:	37.4246780872	666
TIME:	37.4751791954	667
TIME:	37.5385661125	668
TIME:	37.597741127	669
TIME:	37.6686580181	670
TIME:	37.7174839973	671
TIME:	37.7677659988	672
TIME:	37.8159451485	673
TIME:	37.8817541599	674
TIME:	37.9368782043	675
TIME:	37.9865121841	676
TIME:	38.0357570648	677
TIME:	38.0857059956	678
TIME:	38.1355450153	679
TIME:	38.1893529892	680
TIME:	38.2440052032	681
TIME:	38.2986922264	682
TIME:	38.3515281677	683
TIME:	38.4081721306	684
TIME:	38.4607741833	685
TIME:	38.5161931515	686
TIME:	38.5780951977	687
TIME:	38.6345992088	688
TIME:	38.6922440529	689
TIME:	38.7480690479	690
TIME:	38.8078181744	691
TIME:	38.8711152077	692
TIME:	38.9260020256	693
TIME:	38.9828271866	694
TIME:	39.0486061573	695
TIME:	39.1192510128	696
TIME:	39.1764931679	697
TIME:	39.2302241325	698
TIME:	39.2845330238	699
TIME:	39.3394160271	700
TIME:	39.3948349953	701
TIME:	39.4634380341	702
TIME:	39.5180830956	703
TIME:	39.572589159	704
TIME:	39.6373920441	705
TIME:	39.7044711113	706
TIME:	39.7615330219	707
TIME:	39.816847086	708
TIME:	39.8743572235	709
TIME:	39.9374091625	710
TIME:	40.0106220245	711
TIME:	40.0814940929	712
TIME:	40.1381020546	713
TIME:	40.1948091984	714
TIME:	40.2512102127	715
TIME:	40.321283102	716
TIME:	40.3783071041	717
TIME:	40.4355130196	718
TIME:	40.4926199913	719
TIME:	40.5566151142	720
TIME:	40.6177721024	721
TIME:	40.6687750816	722
TIME:	40.7186291218	723
TIME:	40.7669761181	724
TIME:	40.8142430782	725
TIME:	40.8660190105	726
TIME:	40.914784193	727
TIME:	40.9632952213	728
TIME:	41.0152561665	729
TIME:	41.0926949978	730
TIME:	41.143029213	731
TIME:	41.1920940876	732
TIME:	41.2690770626	733
TIME:	41.3484020233	734
TIME:	41.4255812168	735
TIME:	41.4725570679	736
TIME:	41.5193300247	737
TIME:	41.574365139	738
TIME:	41.621830225	739
TIME:	41.6740860939	740
TIME:	41.7203850746	741
TIME:	41.7702550888	742
TIME:	41.8166520596	743
TIME:	41.8644430637	744
TIME:	41.9105410576	745
TIME:	41.9563860893	746
TIME:	42.0036380291	747
TIME:	42.054693222	748
TIME:	42.1015729904	749
TIME:	42.1477761269	750
TIME:	42.1937022209	751
TIME:	42.2480261326	752
TIME:	42.2964580059	753
TIME:	42.3486261368	754
TIME:	42.3965191841	755
TIME:	42.4491121769	756
TIME:	42.4973201752	757
TIME:	42.5497961044	758
TIME:	42.5961461067	759
TIME:	42.6432311535	760
TIME:	42.690762043	761
TIME:	42.7381241322	762
TIME:	42.7859251499	763
TIME:	42.8326802254	764
TIME:	42.8834650517	765
TIME:	42.9303901196	766
TIME:	42.9747459888	767
TIME:	43.0204560757	768
TIME:	43.0705211163	769
TIME:	43.1182801723	770
TIME:	43.1638572216	771
TIME:	43.2106690407	772
TIME:	43.2552330494	773
TIME:	43.3094000816	774
TIME:	43.353839159	775
TIME:	43.4143791199	776
TIME:	43.464151144	777
TIME:	43.5085701942	778
TIME:	43.560281992	779
TIME:	43.6074440479	780
TIME:	43.6598830223	781
TIME:	43.7074761391	782
TIME:	43.7529661655	783
TIME:	43.7998130322	784
TIME:	43.8473021984	785
TIME:	43.8949460983	786
TIME:	43.9401600361	787
TIME:	43.9873189926	788
TIME:	44.0354990959	789
TIME:	44.0863051414	790
TIME:	44.1334071159	791
TIME:	44.1785850525	792
TIME:	44.2249791622	793
TIME:	44.2719151974	794
TIME:	44.3200371265	795
TIME:	44.3680870533	796
TIME:	44.4172592163	797
TIME:	44.4631872177	798
TIME:	44.5129370689	799
TIME:	44.5706861019	800
TIME:	44.6172580719	801
TIME:	44.6644411087	802
TIME:	44.71175313	803
TIME:	44.7592720985	804
TIME:	44.8057141304	805
TIME:	44.8613171577	806
TIME:	44.9084291458	807
TIME:	44.9648771286	808
TIME:	45.0123519897	809
TIME:	45.0603170395	810
TIME:	45.110517025	811
TIME:	45.1608622074	812
TIME:	45.2091910839	813
TIME:	45.2648310661	814
TIME:	45.3114070892	815
TIME:	45.3602581024	816
TIME:	45.4190731049	817
TIME:	45.4722189903	818
TIME:	45.5188570023	819
TIME:	45.5679662228	820
TIME:	45.6146960258	821
TIME:	45.6659941673	822
TIME:	45.7204651833	823
TIME:	45.7717940807	824
TIME:	45.8245401382	825
TIME:	45.8752090931	826
TIME:	45.9272451401	827
TIME:	45.980946064	828
TIME:	46.038433075	829
TIME:	46.0918521881	830
TIME:	46.1451020241	831
TIME:	46.1967689991	832
TIME:	46.254499197	833
TIME:	46.3183422089	834
TIME:	46.3721392155	835
TIME:	46.4341590405	836
TIME:	46.4912221432	837
TIME:	46.546500206	838
TIME:	46.6043121815	839
TIME:	46.6683681011	840
TIME:	46.7221550941	841
TIME:	46.7847721577	842
TIME:	46.8412370682	843
TIME:	46.9011631012	844
TIME:	46.9756340981	845
TIME:	47.0388350487	846
TIME:	47.0958580971	847
TIME:	47.1580061913	848
TIME:	47.2276790142	849
TIME:	47.3074831963	850
TIME:	47.366571188	851
TIME:	47.4341981411	852
TIME:	47.4880170822	853
TIME:	47.5409841537	854
TIME:	47.5987620354	855
TIME:	47.6574580669	856
TIME:	47.7197921276	857
TIME:	47.7850801945	858
TIME:	47.8435211182	859
TIME:	47.9002871513	860
TIME:	47.9642570019	861
TIME:	48.0276851654	862
TIME:	48.0846781731	863
TIME:	48.1400780678	864
TIME:	48.2119731903	865
TIME:	48.2761330605	866
TIME:	48.3389260769	867
TIME:	48.4004130363	868
TIME:	48.4593691826	869
TIME:	48.5188801289	870
TIME:	48.5763311386	871
TIME:	48.6334750652	872
TIME:	48.6911251545	873
TIME:	48.7558131218	874
TIME:	48.8149380684	875
TIME:	48.8737061024	876
TIME:	48.9438831806	877
TIME:	49.0061252117	878
TIME:	49.068901062	879
TIME:	49.1467161179	880
TIME:	49.2062320709	881
TIME:	49.2660300732	882
TIME:	49.329390049	883
TIME:	49.4146020412	884
TIME:	49.4738481045	885
TIME:	49.5309281349	886
TIME:	49.6031420231	887
TIME:	49.6706871986	888
TIME:	49.7423110008	889
TIME:	49.8016121387	890
TIME:	49.8654670715	891
TIME:	49.9665601254	892
TIME:	50.0678710938	893
TIME:	50.1740159988	894
TIME:	50.2746419907	895
TIME:	50.3358371258	896
TIME:	50.395430088	897
TIME:	50.4505162239	898
TIME:	50.5081191063	899
TIME:	50.5682241917	900
TIME:	50.6272711754	901
TIME:	50.6867311001	902
TIME:	50.7552030087	903
TIME:	50.8106791973	904
TIME:	50.8664212227	905
TIME:	50.9257540703	906
TIME:	50.983300209	907
TIME:	51.0420041084	908
TIME:	51.1034421921	909
TIME:	51.1658420563	910
TIME:	51.2207159996	911
TIME:	51.2975611687	912
TIME:	51.3616302013	913
TIME:	51.4262011051	914
TIME:	51.4954471588	915
TIME:	51.5674140453	916
TIME:	51.6204349995	917
TIME:	51.6843400002	918
TIME:	51.7453842163	919
TIME:	51.8148109913	920
TIME:	51.8781030178	921
TIME:	51.9403841496	922
TIME:	52.0120410919	923
TIME:	52.0644021034	924
TIME:	52.1180281639	925
TIME:	52.1813600063	926
TIME:	52.2330601215	927
TIME:	52.2801392078	928
TIME:	52.3276221752	929
TIME:	52.3763170242	930
TIME:	52.4240481853	931
TIME:	52.4693660736	932
TIME:	52.5170090199	933
TIME:	52.5699841976	934
TIME:	52.6179530621	935
TIME:	52.6720411777	936
TIME:	52.7186360359	937
TIME:	52.7627520561	938
TIME:	52.8075540066	939
TIME:	52.8573861122	940
TIME:	52.9062941074	941
TIME:	52.9591560364	942
TIME:	53.012594223	943
TIME:	53.0670130253	944
TIME:	53.1227581501	945
TIME:	53.174036026	946
TIME:	53.2256760597	947
TIME:	53.2791421413	948
TIME:	53.3290691376	949
TIME:	53.380614996	950
TIME:	53.4379560947	951
TIME:	53.4854471684	952
TIME:	53.5320441723	953
TIME:	53.5784301758	954
TIME:	53.6251270771	955
TIME:	53.6730041504	956
TIME:	53.7219820023	957
TIME:	53.7733881474	958
TIME:	53.829595089	959
TIME:	53.8810830116	960
TIME:	53.9591481686	961
TIME:	54.0106379986	962
TIME:	54.0637910366	963
TIME:	54.1087222099	964
TIME:	54.1569540501	965
TIME:	54.2019350529	966
TIME:	54.252407074	967
TIME:	54.2995071411	968
TIME:	54.344588995	969
TIME:	54.3895192146	970
TIME:	54.4469912052	971
TIME:	54.4949681759	972
TIME:	54.5438392162	973
TIME:	54.5928552151	974
TIME:	54.6461131573	975
TIME:	54.6971900463	976
TIME:	54.7623181343	977
TIME:	54.8345241547	978
TIME:	54.8899440765	979
TIME:	54.9416980743	980
TIME:	54.9931061268	981
TIME:	55.0591142178	982
TIME:	55.1141970158	983
TIME:	55.1676700115	984
TIME:	55.2197921276	985
TIME:	55.2730281353	986
TIME:	55.3245790005	987
TIME:	55.3761930466	988
TIME:	55.4440031052	989
TIME:	55.5169820786	990
TIME:	55.5735981464	991
TIME:	55.6234891415	992
TIME:	55.6716930866	993
TIME:	55.7188200951	994
TIME:	55.7696201801	995
TIME:	55.816712141	996
TIME:	55.8638281822	997
TIME:	55.9286642075	998
TIME:	55.9762511253	999
TIME:	56.03297019	1000
TIME:	56.0840711594	1001
TIME:	56.1332671642	1002
TIME:	56.1846041679	1003
TIME:	56.2421901226	1004
TIME:	56.2934100628	1005
TIME:	56.3440310955	1006
TIME:	56.3915801048	1007
TIME:	56.4452381134	1008
TIME:	56.5113282204	1009
TIME:	56.5707900524	1010
TIME:	56.6598951817	1011
TIME:	56.7380321026	1012
TIME:	56.8004360199	1013
TIME:	56.8759582043	1014
TIME:	56.9468410015	1015
TIME:	57.0103471279	1016
TIME:	57.0731761456	1017
TIME:	57.1302640438	1018
TIME:	57.1886100769	1019
TIME:	57.2478802204	1020
TIME:	57.3396761417	1021
TIME:	57.4140651226	1022
TIME:	57.4822821617	1023
TIME:	57.5297222137	1024
TIME:	57.577901125	1025
TIME:	57.631704092	1026
TIME:	57.6823570728	1027
TIME:	57.7331721783	1028
TIME:	57.7833549976	1029
TIME:	57.8392980099	1030
TIME:	57.8893380165	1031
TIME:	57.9517071247	1032
TIME:	58.014770031	1033
TIME:	58.0687320232	1034
TIME:	58.147603035	1035
TIME:	58.229722023	1036
TIME:	58.3019680977	1037
TIME:	58.3567500114	1038
TIME:	58.4103991985	1039
TIME:	58.463861227	1040
TIME:	58.5177750587	1041
TIME:	58.5802659988	1042
TIME:	58.6545782089	1043
TIME:	58.7188282013	1044
TIME:	58.7725400925	1045
TIME:	58.8255732059	1046
TIME:	58.8811430931	1047
TIME:	58.9491062164	1048
TIME:	59.0056481361	1049
TIME:	59.0584790707	1050
TIME:	59.1239621639	1051
TIME:	59.1930851936	1052
TIME:	59.2466681004	1053
TIME:	59.2998571396	1054
TIME:	59.3532841206	1055
TIME:	59.4157590866	1056
TIME:	59.470952034	1057
TIME:	59.5346300602	1058
TIME:	59.587318182	1059
TIME:	59.6415371895	1060
TIME:	59.7072920799	1061
TIME:	59.7955460548	1062
TIME:	59.8574290276	1063
TIME:	59.9152171612	1064
TIME:	59.9683542252	1065
TIME:	60.0425031185	1066
TIME:	60.1134240627	1067
TIME:	60.196310997	1068
TIME:	60.2568430901	1069
TIME:	60.3130331039	1070
TIME:	60.3661391735	1071
TIME:	60.4339780807	1072
TIME:	60.4879550934	1073
TIME:	60.5412960052	1074
TIME:	60.595053196	1075
TIME:	60.6486320496	1076
TIME:	60.7068440914	1077
TIME:	60.7530601025	1078
TIME:	60.8009271622	1079
TIME:	60.8462300301	1080
TIME:	60.8946771622	1081
TIME:	60.9533081055	1082
TIME:	61.0017211437	1083
TIME:	61.0471651554	1084
TIME:	61.0976390839	1085
TIME:	61.1438891888	1086
TIME:	61.190541029	1087
TIME:	61.2374501228	1088
TIME:	61.2845621109	1089
TIME:	61.3395810127	1090
TIME:	61.3867971897	1091
TIME:	61.4446871281	1092
TIME:	61.5043210983	1093
TIME:	61.5770530701	1094
TIME:	61.628246069	1095
TIME:	61.6835231781	1096
TIME:	61.736946106	1097
TIME:	61.7882890701	1098
TIME:	61.8393821716	1099
TIME:	61.9055461884	1100
TIME:	61.9574580193	1101
TIME:	62.0075821877	1102
TIME:	62.0663151741	1103
TIME:	62.1320691109	1104
TIME:	62.183380127	1105
TIME:	62.23422122	1106
TIME:	62.3042089939	1107
TIME:	62.3867900372	1108
TIME:	62.4593980312	1109
TIME:	62.5398931503	1110
TIME:	62.5880861282	1111
TIME:	62.6355350018	1112
TIME:	62.6823980808	1113
TIME:	62.745223999	1114
TIME:	62.7922852039	1115
TIME:	62.8412151337	1116
TIME:	62.88915205	1117
TIME:	62.9366831779	1118
TIME:	62.9837770462	1119
TIME:	63.0302181244	1120
TIME:	63.0862820148	1121
TIME:	63.1410880089	1122
TIME:	63.1857831478	1123
TIME:	63.2432801723	1124
TIME:	63.2926490307	1125
TIME:	63.3377950191	1126
TIME:	63.3927311897	1127
TIME:	63.4544990063	1128
TIME:	63.5036020279	1129
TIME:	63.5504920483	1130
TIME:	63.5979580879	1131
TIME:	63.6446750164	1132
TIME:	63.69486022	1133
TIME:	63.7654612064	1134
TIME:	63.8166661263	1135
TIME:	63.8696460724	1136
TIME:	63.9196181297	1137
TIME:	63.9679670334	1138
TIME:	64.0153801441	1139
TIME:	64.0656180382	1140
TIME:	64.1120710373	1141
TIME:	64.1589841843	1142
TIME:	64.2079942226	1143
TIME:	64.2770540714	1144
TIME:	64.335860014	1145
TIME:	64.3879961967	1146
TIME:	64.4415750504	1147
TIME:	64.4911282063	1148
TIME:	64.5396161079	1149
TIME:	64.5862481594	1150
TIME:	64.6333620548	1151
TIME:	64.680008173	1152
TIME:	64.7306420803	1153
TIME:	64.7784130573	1154
TIME:	64.8283081055	1155
TIME:	64.8977050781	1156
TIME:	64.9820611477	1157
TIME:	65.0648150444	1158
TIME:	65.1572492123	1159
TIME:	65.2395100594	1160
TIME:	65.292506218	1161
TIME:	65.3447360992	1162
TIME:	65.3959541321	1163
TIME:	65.4550471306	1164
TIME:	65.506663084	1165
TIME:	65.5569360256	1166
TIME:	65.6055190563	1167
TIME:	65.6543321609	1168
TIME:	65.7060592175	1169
TIME:	65.7658290863	1170
TIME:	65.8346061707	1171
TIME:	65.9414770603	1172
TIME:	66.0505850315	1173
TIME:	66.1075940132	1174
TIME:	66.1713891029	1175
TIME:	66.2281680107	1176
TIME:	66.2875602245	1177
TIME:	66.3425931931	1178
TIME:	66.3973932266	1179
TIME:	66.450810194	1180
TIME:	66.505218029	1181
TIME:	66.5670611858	1182
TIME:	66.6349070072	1183
TIME:	66.7045631409	1184
TIME:	66.7718110085	1185
TIME:	66.8345031738	1186
TIME:	66.8935451508	1187
TIME:	66.9517681599	1188
TIME:	67.0105822086	1189
TIME:	67.0685780048	1190
TIME:	67.1277551651	1191
TIME:	67.1864850521	1192
TIME:	67.2476930618	1193
TIME:	67.3052861691	1194
TIME:	67.3596410751	1195
TIME:	67.4285280704	1196
TIME:	67.4906620979	1197
TIME:	67.5567100048	1198
TIME:	67.6152172089	1199
TIME:	67.6853101254	1200
TIME:	67.7475140095	1201
TIME:	67.8060171604	1202
TIME:	67.8591470718	1203
TIME:	67.9119310379	1204
TIME:	67.964673996	1205
TIME:	68.0176341534	1206
TIME:	68.0850710869	1207
TIME:	68.1461310387	1208
TIME:	68.1992621422	1209
TIME:	68.2528231144	1210
TIME:	68.3205320835	1211
TIME:	68.3770771027	1212
TIME:	68.4312140942	1213
TIME:	68.4844250679	1214
TIME:	68.537746191	1215
TIME:	68.5931620598	1216
TIME:	68.6764411926	1217
TIME:	68.7405061722	1218
TIME:	68.7941401005	1219
TIME:	68.8485600948	1220
TIME:	68.9035060406	1221
TIME:	68.9584710598	1222
TIME:	69.01339221	1223
TIME:	69.0733060837	1224
TIME:	69.1358940601	1225
TIME:	69.1984050274	1226
TIME:	69.262348175	1227
TIME:	69.3231420517	1228
TIME:	69.3850221634	1229
TIME:	69.4492850304	1230
TIME:	69.5102140903	1231
TIME:	69.5730140209	1232
TIME:	69.6370761395	1233
TIME:	69.6986310482	1234
TIME:	69.766988039	1235
TIME:	69.8277871609	1236
TIME:	69.8950791359	1237
TIME:	69.9673960209	1238
TIME:	70.0265090466	1239
TIME:	70.085144043	1240
TIME:	70.144865036	1241
TIME:	70.2071502209	1242
TIME:	70.2685120106	1243
TIME:	70.3260571957	1244
TIME:	70.3851981163	1245
TIME:	70.4631850719	1246
TIME:	70.522247076	1247
TIME:	70.5830030441	1248
TIME:	70.6650700569	1249
TIME:	70.7976760864	1250
TIME:	70.8721520901	1251
TIME:	70.9504990578	1252
TIME:	71.0111341476	1253
TIME:	71.0746200085	1254
TIME:	71.1556231976	1255
TIME:	71.2296581268	1256
TIME:	71.2880780697	1257
TIME:	71.3477351665	1258
TIME:	71.4177532196	1259
TIME:	71.5049030781	1260
TIME:	71.5831890106	1261
TIME:	71.6423761845	1262
TIME:	71.70058918	1263
TIME:	71.7601010799	1264
TIME:	71.858299017	1265
TIME:	71.921569109	1266
TIME:	71.979227066	1267
TIME:	72.0353651047	1268
TIME:	72.0921192169	1269
TIME:	72.1474699974	1270
TIME:	72.2034351826	1271
TIME:	72.2559890747	1272
TIME:	72.3088281155	1273
TIME:	72.3642041683	1274
TIME:	72.4182929993	1275
TIME:	72.4692401886	1276
TIME:	72.5210170746	1277
TIME:	72.5823020935	1278
TIME:	72.6445801258	1279
TIME:	72.6985871792	1280
TIME:	72.7521150112	1281
TIME:	72.8045949936	1282
TIME:	72.8591871262	1283
TIME:	72.9212210178	1284
TIME:	72.9733970165	1285
TIME:	73.028537035	1286
TIME:	73.0909590721	1287
TIME:	73.1469352245	1288
TIME:	73.1982841492	1289
TIME:	73.2514951229	1290
TIME:	73.3030631542	1291
TIME:	73.3574650288	1292
TIME:	73.4189491272	1293
TIME:	73.4714210033	1294
TIME:	73.5244050026	1295
TIME:	73.5817451477	1296
TIME:	73.6355311871	1297
TIME:	73.6880021095	1298
TIME:	73.7405991554	1299
TIME:	73.7946600914	1300
TIME:	73.8458352089	1301
TIME:	73.8986880779	1302
TIME:	73.9562330246	1303
TIME:	74.0079901218	1304
TIME:	74.0682530403	1305
TIME:	74.1170589924	1306
TIME:	74.168954134	1307
TIME:	74.2200930119	1308
TIME:	74.2910950184	1309
TIME:	74.3542511463	1310
TIME:	74.4086401463	1311
TIME:	74.4591841698	1312
TIME:	74.5084781647	1313
TIME:	74.5592281818	1314
TIME:	74.6080780029	1315
TIME:	74.656812191	1316
TIME:	74.7051701546	1317
TIME:	74.7575640678	1318
TIME:	74.8081951141	1319
TIME:	74.8582510948	1320
TIME:	74.9082391262	1321
TIME:	74.9622170925	1322
TIME:	75.018625021	1323
TIME:	75.0749950409	1324
TIME:	75.1346001625	1325
TIME:	75.1912510395	1326
TIME:	75.2496831417	1327
TIME:	75.3031990528	1328
TIME:	75.3538970947	1329
TIME:	75.413241148	1330
TIME:	75.4637830257	1331
TIME:	75.5178971291	1332
TIME:	75.5720090866	1333
TIME:	75.6223289967	1334
TIME:	75.6737561226	1335
TIME:	75.7242062092	1336
TIME:	75.7752091885	1337
TIME:	75.8254861832	1338
TIME:	75.8756361008	1339
TIME:	75.9276521206	1340
TIME:	75.9803900719	1341
TIME:	76.0304200649	1342
TIME:	76.080422163	1343
TIME:	76.1345829964	1344
TIME:	76.1844260693	1345
TIME:	76.2344791889	1346
TIME:	76.285449028	1347
TIME:	76.3423521519	1348
TIME:	76.3945422173	1349
TIME:	76.4451351166	1350
TIME:	76.4951300621	1351
TIME:	76.5485930443	1352
TIME:	76.6017801762	1353
TIME:	76.6522312164	1354
TIME:	76.7029130459	1355
TIME:	76.7623441219	1356
TIME:	76.8172500134	1357
TIME:	76.8677661419	1358
TIME:	76.9178960323	1359
TIME:	76.9635221958	1360
TIME:	77.0062801838	1361
TIME:	77.0514330864	1362
TIME:	77.0946640968	1363
TIME:	77.139644146	1364
TIME:	77.1844241619	1365
TIME:	77.2292830944	1366
TIME:	77.2744321823	1367
TIME:	77.3184370995	1368
TIME:	77.3627331257	1369
TIME:	77.4154241085	1370
TIME:	77.4596722126	1371
TIME:	77.5038142204	1372
TIME:	77.550014019	1373
TIME:	77.5951740742	1374
TIME:	77.6394572258	1375
TIME:	77.6839392185	1376
TIME:	77.7280480862	1377
TIME:	77.7723271847	1378
TIME:	77.8165500164	1379
TIME:	77.8613891602	1380
TIME:	77.9059660435	1381
TIME:	77.9518630505	1382
TIME:	77.9974081516	1383
TIME:	78.0422320366	1384
TIME:	78.0849571228	1385
TIME:	78.1293871403	1386
TIME:	78.1738221645	1387
TIME:	78.2165300846	1388
TIME:	78.2595300674	1389
TIME:	78.3018260002	1390
TIME:	78.3478929996	1391
TIME:	78.3931992054	1392
TIME:	78.4388341904	1393
TIME:	78.4817130566	1394
TIME:	78.5319581032	1395
TIME:	78.604186058	1396
TIME:	78.6531190872	1397
TIME:	78.7055401802	1398
TIME:	78.7590661049	1399
TIME:	78.8083670139	1400
TIME:	78.8745720387	1401
TIME:	78.973470211	1402
TIME:	79.0359141827	1403
TIME:	79.1349802017	1404
TIME:	79.2000710964	1405
TIME:	79.2498500347	1406
TIME:	79.2972881794	1407
TIME:	79.349943161	1408
TIME:	79.4134671688	1409
TIME:	79.463517189	1410
TIME:	79.5157060623	1411
TIME:	79.5770440102	1412
TIME:	79.6266651154	1413
TIME:	79.6756551266	1414
TIME:	79.7325680256	1415
TIME:	79.8009190559	1416
TIME:	79.8736360073	1417
TIME:	79.9403991699	1418
TIME:	79.9999279976	1419
TIME:	80.0606601238	1420
TIME:	80.1101779938	1421
TIME:	80.1729171276	1422
TIME:	80.2164530754	1423
TIME:	80.2718241215	1424
TIME:	80.3219971657	1425
TIME:	80.3696451187	1426
TIME:	80.4217021465	1427
TIME:	80.4788730145	1428
TIME:	80.5339701176	1429
TIME:	80.585529089	1430
TIME:	80.6381552219	1431
TIME:	80.6945431232	1432
TIME:	80.7589960098	1433
TIME:	80.811519146	1434
TIME:	80.8716192245	1435
TIME:	80.9261641502	1436
TIME:	80.9802281857	1437
TIME:	81.0341031551	1438
TIME:	81.0834040642	1439
TIME:	81.1460599899	1440
TIME:	81.2733421326	1441
TIME:	81.3523449898	1442
TIME:	81.4422931671	1443
TIME:	81.5850582123	1444
TIME:	81.6486110687	1445
TIME:	81.7031152248	1446
TIME:	81.7648060322	1447
TIME:	81.8217511177	1448
TIME:	81.8751461506	1449
TIME:	81.9417870045	1450
TIME:	82.0145101547	1451
TIME:	82.0779821873	1452
TIME:	82.1574251652	1453
TIME:	82.2382872105	1454
TIME:	82.3040361404	1455
TIME:	82.3980751038	1456
TIME:	82.4745411873	1457
TIME:	82.5556821823	1458
TIME:	82.6527562141	1459
TIME:	82.7582130432	1460
TIME:	82.8324592113	1461
TIME:	82.918241024	1462
TIME:	83.0034291744	1463
TIME:	83.0843071938	1464
TIME:	83.152941227	1465
TIME:	83.2116310596	1466
TIME:	83.267594099	1467
TIME:	83.3295161724	1468
TIME:	83.3890712261	1469
TIME:	83.4650650024	1470
TIME:	83.5342020988	1471
TIME:	83.5970330238	1472
TIME:	83.663465023	1473
TIME:	83.7309222221	1474
TIME:	83.7938110828	1475
TIME:	83.8643240929	1476
TIME:	83.9358961582	1477
TIME:	83.9974400997	1478
TIME:	84.0662591457	1479
TIME:	84.1218931675	1480
TIME:	84.1895701885	1481
TIME:	84.2806861401	1482
TIME:	84.3475990295	1483
TIME:	84.4132640362	1484
TIME:	84.5276761055	1485
TIME:	84.6283051968	1486
TIME:	84.6950631142	1487
TIME:	84.7602322102	1488
TIME:	84.8297181129	1489
TIME:	84.8981812	1490
TIME:	84.9553041458	1491
TIME:	85.033244133	1492
TIME:	85.0932052135	1493
TIME:	85.1549911499	1494
TIME:	85.2276980877	1495
TIME:	85.2985560894	1496
TIME:	85.3582332134	1497
TIME:	85.4251451492	1498
TIME:	85.4810540676	1499
TIME:	85.5596740246	1500
TIME:	85.6231071949	1501
TIME:	85.6991450787	1502
TIME:	85.757060051	1503
TIME:	85.8140780926	1504
TIME:	85.8719451427	1505
TIME:	85.9473030567	1506
TIME:	86.0049262047	1507
TIME:	86.0630781651	1508
TIME:	86.1241240501	1509
TIME:	86.1805930138	1510
TIME:	86.2423551083	1511
TIME:	86.2925601006	1512
TIME:	86.3469460011	1513
TIME:	86.4011161327	1514
TIME:	86.4569392204	1515
TIME:	86.5061671734	1516
TIME:	86.5602869987	1517
TIME:	86.617866993	1518
TIME:	86.6750471592	1519
TIME:	86.7243611813	1520
TIME:	86.7729001045	1521
TIME:	86.8269410133	1522
TIME:	86.8780782223	1523
TIME:	86.9305751324	1524
TIME:	86.9795651436	1525
TIME:	87.0312111378	1526
TIME:	87.0796811581	1527
TIME:	87.143499136	1528
TIME:	87.1953492165	1529
TIME:	87.2520470619	1530
TIME:	87.3034911156	1531
TIME:	87.3539361954	1532
TIME:	87.4122052193	1533
TIME:	87.4607729912	1534
TIME:	87.5149741173	1535
TIME:	87.57427001	1536
TIME:	87.6230020523	1537
TIME:	87.6779031754	1538
TIME:	87.73133111	1539
TIME:	87.7848269939	1540
TIME:	87.8350951672	1541
TIME:	87.8902490139	1542
TIME:	87.9443531036	1543
TIME:	88.0052051544	1544
TIME:	88.0612771511	1545
TIME:	88.1119911671	1546
TIME:	88.1701731682	1547
TIME:	88.2341470718	1548
TIME:	88.2832810879	1549
TIME:	88.3359401226	1550
TIME:	88.3861222267	1551
TIME:	88.4373681545	1552
TIME:	88.4900372028	1553
TIME:	88.5422101021	1554
TIME:	88.5949912071	1555
TIME:	88.6462140083	1556
TIME:	88.696516037	1557
TIME:	88.7477321625	1558
TIME:	88.7992560863	1559
TIME:	88.8502810001	1560
TIME:	88.904654026	1561
TIME:	88.9553639889	1562
TIME:	89.0067491531	1563
TIME:	89.0588510036	1564
TIME:	89.107858181	1565
TIME:	89.158301115	1566
TIME:	89.2077620029	1567
TIME:	89.2552411556	1568
TIME:	89.3070631027	1569
TIME:	89.35612607	1570
TIME:	89.4116671085	1571
TIME:	89.4711441994	1572
TIME:	89.5262680054	1573
TIME:	89.5838851929	1574
TIME:	89.6436390877	1575
TIME:	89.6964561939	1576
TIME:	89.7496449947	1577
TIME:	89.8040452003	1578
TIME:	89.8582341671	1579
TIME:	89.9108970165	1580
TIME:	89.9652872086	1581
TIME:	90.0161471367	1582
TIME:	90.06954813	1583
TIME:	90.1252930164	1584
TIME:	90.1810200214	1585
TIME:	90.2369410992	1586
TIME:	90.2874851227	1587
TIME:	90.3477201462	1588
TIME:	90.3996851444	1589
TIME:	90.4518611431	1590
TIME:	90.5110812187	1591
TIME:	90.5780301094	1592
TIME:	90.6303400993	1593
TIME:	90.6830761433	1594
TIME:	90.7382631302	1595
TIME:	90.7891151905	1596
TIME:	90.8414289951	1597
TIME:	90.8979542255	1598
TIME:	90.9484100342	1599
TIME:	90.9987981319	1600
TIME:	91.0567350388	1601
TIME:	91.1211411953	1602
TIME:	91.1719081402	1603
TIME:	91.2252850533	1604
TIME:	91.2751791477	1605
TIME:	91.3346810341	1606
TIME:	91.3902621269	1607
TIME:	91.4548120499	1608
TIME:	91.5069580078	1609
TIME:	91.5614690781	1610
TIME:	91.6137390137	1611
TIME:	91.6696031094	1612
TIME:	91.7224230766	1613
TIME:	91.7756690979	1614
TIME:	91.8290622234	1615
TIME:	91.8896770477	1616
TIME:	91.9380350113	1617
TIME:	91.994066	1618
TIME:	92.0514252186	1619
TIME:	92.1075561047	1620
TIME:	92.1634321213	1621
TIME:	92.2180089951	1622
TIME:	92.2809510231	1623
TIME:	92.3381171227	1624
TIME:	92.4011142254	1625
TIME:	92.4592020512	1626
TIME:	92.5195159912	1627
TIME:	92.5823450089	1628
TIME:	92.6380209923	1629
TIME:	92.7024931908	1630
TIME:	92.7582499981	1631
TIME:	92.821901083	1632
TIME:	92.8841061592	1633
TIME:	92.9553141594	1634
TIME:	93.0161800385	1635
TIME:	93.0733702183	1636
TIME:	93.1352350712	1637
TIME:	93.1960701942	1638
TIME:	93.2549550533	1639
TIME:	93.3186681271	1640
TIME:	93.3743770123	1641
TIME:	93.4443721771	1642
TIME:	93.5065271854	1643
TIME:	93.5704350471	1644
TIME:	93.6243422031	1645
TIME:	93.68486619	1646
TIME:	93.7435250282	1647
TIME:	93.8100001812	1648
TIME:	93.8708980083	1649
TIME:	93.9357070923	1650
TIME:	94.0015480518	1651
TIME:	94.0596730709	1652
TIME:	94.1219911575	1653
TIME:	94.189273119	1654
TIME:	94.2447891235	1655
TIME:	94.3028130531	1656
TIME:	94.3630681038	1657
TIME:	94.4199271202	1658
TIME:	94.4756450653	1659
TIME:	94.5405430794	1660
TIME:	94.603167057	1661
TIME:	94.6631660461	1662
TIME:	94.7253761292	1663
TIME:	94.791613102	1664
TIME:	94.8531150818	1665
TIME:	94.9226121902	1666
TIME:	94.9854221344	1667
TIME:	95.0506830215	1668
TIME:	95.1146800518	1669
TIME:	95.1728842258	1670
TIME:	95.2370400429	1671
TIME:	95.3034491539	1672
TIME:	95.3624970913	1673
TIME:	95.4325761795	1674
TIME:	95.491558075	1675
TIME:	95.5603280067	1676
TIME:	95.6203730106	1677
TIME:	95.6828351021	1678
TIME:	95.7419340611	1679
TIME:	95.8075420856	1680
TIME:	95.8682491779	1681
TIME:	95.9261929989	1682
TIME:	95.9874110222	1683
TIME:	96.0542750359	1684
TIME:	96.1195631027	1685
TIME:	96.182954073	1686
TIME:	96.241754055	1687
TIME:	96.3043141365	1688
TIME:	96.3721442223	1689
TIME:	96.4380071163	1690
TIME:	96.5011491776	1691
TIME:	96.5683691502	1692
TIME:	96.6268770695	1693
TIME:	96.6905062199	1694
TIME:	96.7539432049	1695
TIME:	96.8141520023	1696
TIME:	96.8767371178	1697
TIME:	96.9385070801	1698
TIME:	97.0009140968	1699
TIME:	97.0609052181	1700
TIME:	97.1266930103	1701
TIME:	97.1858100891	1702
TIME:	97.2465591431	1703
TIME:	97.3096790314	1704
TIME:	97.3732690811	1705
TIME:	97.4418721199	1706
TIME:	97.5040252209	1707
TIME:	97.5659000874	1708
TIME:	97.6228311062	1709
TIME:	97.6823952198	1710
TIME:	97.7542932034	1711
TIME:	97.8222911358	1712
TIME:	97.8861830235	1713
TIME:	97.9479820728	1714
TIME:	98.0086472034	1715
TIME:	98.0704331398	1716
TIME:	98.1330590248	1717
TIME:	98.1923491955	1718
TIME:	98.2545230389	1719
TIME:	98.3178691864	1720
TIME:	98.373855114	1721
TIME:	98.4364111423	1722
TIME:	98.4926950932	1723
TIME:	98.5548532009	1724
TIME:	98.6110091209	1725
TIME:	98.6747500896	1726
TIME:	98.7357521057	1727
TIME:	98.7997031212	1728
TIME:	98.8588221073	1729
TIME:	98.920374155	1730
TIME:	98.9843401909	1731
TIME:	99.0439770222	1732
TIME:	99.1103670597	1733
TIME:	99.1705510616	1734
TIME:	99.2349581718	1735
TIME:	99.2964720726	1736
TIME:	99.3545300961	1737
TIME:	99.4233140945	1738
TIME:	99.485476017	1739
TIME:	99.5407891273	1740
TIME:	99.6033070087	1741
TIME:	99.6586270332	1742
TIME:	99.7177271843	1743
TIME:	99.7666430473	1744
TIME:	99.8244650364	1745
TIME:	99.8748371601	1746
TIME:	99.921818018	1747
TIME:	99.9719641209	1748
TIME:	100.019551992	1749
TIME:	100.071393013	1750
TIME:	100.121901989	1751
TIME:	100.172304153	1752
TIME:	100.238814116	1753
TIME:	100.294361115	1754
TIME:	100.352008104	1755
TIME:	100.409008026	1756
TIME:	100.460758209	1757
TIME:	100.507912159	1758
TIME:	100.558263063	1759
TIME:	100.615377188	1760
TIME:	100.671802998	1761
TIME:	100.723170042	1762
TIME:	100.777167082	1763
TIME:	100.826931	1764
TIME:	100.875697136	1765
TIME:	100.928653002	1766
TIME:	100.983494043	1767
TIME:	101.041667223	1768
TIME:	101.095762014	1769
TIME:	101.156364202	1770
TIME:	101.236924171	1771
TIME:	101.292366028	1772
TIME:	101.34167099	1773
TIME:	101.391679049	1774
TIME:	101.447786093	1775
TIME:	101.498412132	1776
TIME:	101.544135094	1777
TIME:	101.594308138	1778
TIME:	101.642983198	1779
TIME:	101.691333055	1780
TIME:	101.742089033	1781
TIME:	101.792889118	1782
TIME:	101.843430042	1783
TIME:	101.892377138	1784
TIME:	101.945211172	1785
TIME:	101.995825052	1786
TIME:	102.046654224	1787
TIME:	102.099148035	1788
TIME:	102.152453184	1789
TIME:	102.200210094	1790
TIME:	102.25121212	1791
TIME:	102.303824186	1792
TIME:	102.355252028	1793
TIME:	102.409332037	1794
TIME:	102.457245111	1795
TIME:	102.504043102	1796
TIME:	102.558771133	1797
TIME:	102.609508038	1798
TIME:	102.661094189	1799
TIME:	102.708522081	1800
TIME:	102.758601189	1801
TIME:	102.817296028	1802
TIME:	102.866044044	1803
TIME:	102.916362047	1804
TIME:	102.969309092	1805
TIME:	103.034954071	1806
TIME:	103.098813057	1807
TIME:	103.156186104	1808
TIME:	103.207936049	1809
TIME:	103.260560989	1810
TIME:	103.310275078	1811
TIME:	103.360420227	1812
TIME:	103.433523178	1813
TIME:	103.48499918	1814
TIME:	103.535053015	1815
TIME:	103.591838121	1816
TIME:	103.642211199	1817
TIME:	103.702460051	1818
TIME:	103.754293203	1819
TIME:	103.810025215	1820
TIME:	103.878056049	1821
TIME:	103.944293022	1822
TIME:	104.003777027	1823
TIME:	104.053126097	1824
TIME:	104.10316205	1825
TIME:	104.17018199	1826
TIME:	104.223702192	1827
TIME:	104.292455196	1828
TIME:	104.367605209	1829
TIME:	104.437976122	1830
TIME:	104.516918182	1831
TIME:	104.578279018	1832
TIME:	104.632980108	1833
TIME:	104.688444138	1834
TIME:	104.748744011	1835
TIME:	104.808690071	1836
TIME:	104.876599073	1837
TIME:	104.924775124	1838
TIME:	104.979164124	1839
TIME:	105.029144049	1840
TIME:	105.089101076	1841
TIME:	105.142381191	1842
TIME:	105.191335201	1843
TIME:	105.242736101	1844
TIME:	105.300400019	1845
TIME:	105.350959063	1846
TIME:	105.410998106	1847
TIME:	105.460820198	1848
TIME:	105.511041164	1849
TIME:	105.567109108	1850
TIME:	105.624644041	1851
TIME:	105.675413132	1852
TIME:	105.738233089	1853
TIME:	105.788770199	1854
TIME:	105.848197222	1855
TIME:	105.910585165	1856
TIME:	105.96865201	1857
TIME:	106.024307013	1858
TIME:	106.077229023	1859
TIME:	106.128138065	1860
TIME:	106.181837082	1861
TIME:	106.242834091	1862
TIME:	106.306545019	1863
TIME:	106.357122183	1864
TIME:	106.408767223	1865
TIME:	106.458134174	1866
TIME:	106.505819082	1867
TIME:	106.56064105	1868
TIME:	106.644071102	1869
TIME:	106.703644991	1870
TIME:	106.752674103	1871
TIME:	106.803162098	1872
TIME:	106.864915133	1873
TIME:	106.926511049	1874
TIME:	106.988087177	1875
TIME:	107.041799068	1876
TIME:	107.101824045	1877
TIME:	107.154959202	1878
TIME:	107.208929062	1879
TIME:	107.262761116	1880
TIME:	107.321156025	1881
TIME:	107.379676104	1882
TIME:	107.445002079	1883
TIME:	107.506770134	1884
TIME:	107.568917036	1885
TIME:	107.628473043	1886
TIME:	107.688772202	1887
TIME:	107.755059004	1888
TIME:	107.813754082	1889
TIME:	107.877449036	1890
TIME:	107.93999815	1891
TIME:	108.00394702	1892
TIME:	108.059981108	1893
TIME:	108.122728109	1894
TIME:	108.179646015	1895
TIME:	108.246741056	1896
TIME:	108.312481165	1897
TIME:	108.375488043	1898
TIME:	108.438618183	1899
TIME:	108.496689081	1900
TIME:	108.556209087	1901
TIME:	108.654550076	1902
TIME:	108.754611015	1903
TIME:	108.855157137	1904
TIME:	108.958243132	1905
TIME:	109.059846163	1906
TIME:	109.167042017	1907
TIME:	109.244831085	1908
TIME:	109.305493116	1909
TIME:	109.359325171	1910
TIME:	109.427841187	1911
TIME:	109.49362421	1912
TIME:	109.568589211	1913
TIME:	109.623297215	1914
TIME:	109.677784204	1915
TIME:	109.73301506	1916
TIME:	109.79313302	1917
TIME:	109.88996315	1918
TIME:	109.98042202	1919
TIME:	110.042737007	1920
TIME:	110.105539083	1921
TIME:	110.167044163	1922
TIME:	110.225369215	1923
TIME:	110.288908005	1924
TIME:	110.352298021	1925
TIME:	110.415826082	1926
TIME:	110.503172159	1927
TIME:	110.610080004	1928
TIME:	110.710875034	1929
TIME:	110.806162119	1930
TIME:	110.912230015	1931
TIME:	111.025014162	1932
TIME:	111.147034168	1933
TIME:	111.263761044	1934
TIME:	111.377424002	1935
TIME:	111.506514072	1936
TIME:	111.609338045	1937
TIME:	111.690690041	1938
TIME:	111.745274067	1939
TIME:	111.798962116	1940
TIME:	111.850649118	1941
TIME:	111.905393124	1942
TIME:	111.958647013	1943
TIME:	112.0124681	1944
TIME:	112.069984198	1945
TIME:	112.124325991	1946
TIME:	112.179758072	1947
TIME:	112.244948149	1948
TIME:	112.308525085	1949
TIME:	112.372662067	1950
TIME:	112.435214996	1951
TIME:	112.488824129	1952
TIME:	112.543188095	1953
TIME:	112.597548008	1954
TIME:	112.652034044	1955
TIME:	112.707089186	1956
TIME:	112.761046171	1957
TIME:	112.816744089	1958
TIME:	112.871370077	1959
TIME:	112.930233002	1960
TIME:	112.984174013	1961
TIME:	113.037507057	1962
TIME:	113.092534065	1963
TIME:	113.143645048	1964
TIME:	113.195636034	1965
TIME:	113.247632027	1966
TIME:	113.300788164	1967
TIME:	113.35476017	1968
TIME:	113.416090012	1969
TIME:	113.469924212	1970
TIME:	113.52444911	1971
TIME:	113.577303171	1972
TIME:	113.629068136	1973
TIME:	113.68137002	1974
TIME:	113.735659122	1975
TIME:	113.788760185	1976
TIME:	113.843345165	1977
TIME:	113.895142078	1978
TIME:	113.948324203	1979
TIME:	114.000967026	1980
TIME:	114.056720018	1981
TIME:	114.109988213	1982
TIME:	114.161218166	1983
TIME:	114.212552071	1984
TIME:	114.266503096	1985
TIME:	114.319347143	1986
TIME:	114.3680861	1987
TIME:	114.415322065	1988
TIME:	114.462731123	1989
TIME:	114.509472132	1990
TIME:	114.558483124	1991
TIME:	114.60374403	1992
TIME:	114.651293039	1993
TIME:	114.698767185	1994
TIME:	114.745811224	1995
TIME:	114.792321205	1996
TIME:	114.839404106	1997
TIME:	114.886829138	1998
TIME:	114.933187008	1999
TIME:	114.985637188	2000
TIME:	115.035816193	2001
TIME:	115.083917141	2002
TIME:	115.132362127	2003
TIME:	115.1802001	2004
TIME:	115.227997065	2005
TIME:	115.275512218	2006
TIME:	115.32301712	2007
TIME:	115.370859146	2008
TIME:	115.426309109	2009
TIME:	115.473072052	2010
TIME:	115.520708084	2011
TIME:	115.568086147	2012
TIME:	115.615819216	2013
TIME:	115.662928104	2014
TIME:	115.713806152	2015
TIME:	115.761365175	2016
TIME:	115.813261032	2017
TIME:	115.859789133	2018
TIME:	115.907831192	2019
TIME:	115.954961061	2020
TIME:	116.003222227	2021
TIME:	116.050403118	2022
TIME:	116.097757101	2023
TIME:	116.144760132	2024
TIME:	116.194097042	2025
TIME:	116.241862059	2026
TIME:	116.289870024	2027
TIME:	116.337471008	2028
TIME:	116.38710618	2029
TIME:	116.43573904	2030
TIME:	116.48430419	2031
TIME:	116.533850193	2032
TIME:	116.58247304	2033
TIME:	116.629958153	2034
TIME:	116.676549196	2035
TIME:	116.723097086	2036
TIME:	116.769556046	2037
TIME:	116.817758083	2038
TIME:	116.868163109	2039
TIME:	116.916701078	2040
TIME:	116.96453619	2041
TIME:	117.012654066	2042
TIME:	117.061387062	2043
TIME:	117.113511086	2044
TIME:	117.159402132	2045
TIME:	117.209237099	2046
TIME:	117.25773716	2047
TIME:	117.306315184	2048
TIME:	117.351984024	2049
TIME:	117.405928135	2050
TIME:	117.454380035	2051
TIME:	117.501619101	2052
TIME:	117.550079107	2053
TIME:	117.596393108	2054
TIME:	117.641512156	2055
TIME:	117.688968182	2056
TIME:	117.736538172	2057
TIME:	117.782827139	2058
TIME:	117.829960108	2059
TIME:	117.877250195	2060
TIME:	117.93330121	2061
TIME:	117.981898069	2062
TIME:	118.032965183	2063
TIME:	118.079629183	2064
TIME:	118.129951	2065
TIME:	118.187115192	2066
TIME:	118.251928091	2067
TIME:	118.29935813	2068
TIME:	118.347134113	2069
TIME:	118.398561001	2070
TIME:	118.445133209	2071
TIME:	118.492505074	2072
TIME:	118.540635109	2073
TIME:	118.59047699	2074
TIME:	118.637140036	2075
TIME:	118.682242155	2076
TIME:	118.729933023	2077
TIME:	118.777564049	2078
TIME:	118.826116085	2079
TIME:	118.871936083	2080
TIME:	118.919774055	2081
TIME:	118.966428995	2082
TIME:	119.013890028	2083
TIME:	119.062560081	2084
TIME:	119.107631207	2085
TIME:	119.152358055	2086
TIME:	119.207293034	2087
TIME:	119.2581532	2088
TIME:	119.304949045	2089
TIME:	119.353314161	2090
TIME:	119.410169125	2091
TIME:	119.457150221	2092
TIME:	119.503865004	2093
TIME:	119.555152178	2094
TIME:	119.602235079	2095
TIME:	119.648491144	2096
TIME:	119.700680017	2097
TIME:	119.748363018	2098
TIME:	119.795874119	2099
TIME:	119.842838049	2100
TIME:	119.890498161	2101
TIME:	119.940505028	2102
TIME:	119.987937212	2103
TIME:	120.035560131	2104
TIME:	120.083078146	2105
TIME:	120.134618044	2106
TIME:	120.182835102	2107
TIME:	120.234320164	2108
TIME:	120.28264308	2109
TIME:	120.330195189	2110
TIME:	120.379201174	2111
TIME:	120.496034145	2112
TIME:	120.578023195	2113
TIME:	120.639477015	2114
TIME:	120.700564146	2115
TIME:	120.763106108	2116
TIME:	120.815683126	2117
TIME:	120.868168116	2118
TIME:	120.919436216	2119
TIME:	121.006516218	2120
TIME:	121.073130131	2121
TIME:	121.148390055	2122
TIME:	121.235791206	2123
TIME:	121.326582193	2124
TIME:	121.422618151	2125
TIME:	121.519756079	2126
TIME:	121.627354145	2127
TIME:	121.698263168	2128
TIME:	121.759320021	2129
TIME:	121.822515011	2130
TIME:	121.886801004	2131
TIME:	121.94455409	2132
TIME:	122.005825996	2133
TIME:	122.092475176	2134
TIME:	122.198862076	2135
TIME:	122.310034037	2136
TIME:	122.431410074	2137
TIME:	122.536116123	2138
TIME:	122.647579193	2139
TIME:	122.750945091	2140
TIME:	122.83890605	2141
TIME:	122.929130077	2142
TIME:	123.02671504	2143
TIME:	123.100800037	2144
TIME:	123.157295227	2145
TIME:	123.208625078	2146
TIME:	123.265807152	2147
TIME:	123.317109108	2148
TIME:	123.369539022	2149
TIME:	123.431057215	2150
TIME:	123.481289148	2151
TIME:	123.532800198	2152
TIME:	123.596659184	2153
TIME:	123.694562197	2154
TIME:	123.809973001	2155
TIME:	123.906938076	2156
TIME:	123.962895155	2157
TIME:	124.015688181	2158
TIME:	124.069495201	2159
TIME:	124.129374027	2160
TIME:	124.210704088	2161
TIME:	124.310624123	2162
TIME:	124.42993021	2163
TIME:	124.516480207	2164
TIME:	124.59977603	2165
TIME:	124.703236103	2166
TIME:	124.795438051	2167
TIME:	124.905734062	2168
TIME:	125.006254196	2169
TIME:	125.070563078	2170
TIME:	125.196281195	2171
TIME:	125.314146042	2172
TIME:	125.425413132	2173
TIME:	125.489469051	2174
TIME:	125.548526049	2175
TIME:	125.606288195	2176
TIME:	125.663765192	2177
TIME:	125.742341042	2178
TIME:	125.842314005	2179
TIME:	125.944193125	2180
TIME:	126.072170019	2181
TIME:	126.199075222	2182
TIME:	126.311121225	2183
TIME:	126.424665213	2184
TIME:	126.53422904	2185
TIME:	126.605384111	2186
TIME:	126.722257137	2187
TIME:	126.852591038	2188
TIME:	126.911672115	2189
TIME:	126.965057135	2190
TIME:	127.023918152	2191
TIME:	127.093660116	2192
TIME:	127.154718161	2193
TIME:	127.216048002	2194
TIME:	127.27692008	2195
TIME:	127.334363222	2196
TIME:	127.40261507	2197
TIME:	127.461139202	2198
TIME:	127.517653227	2199
TIME:	127.572086096	2200
TIME:	127.622676134	2201
TIME:	127.670512199	2202
TIME:	127.71963501	2203
TIME:	127.769414186	2204
TIME:	127.821629047	2205
TIME:	127.873953104	2206
TIME:	127.926600218	2207
TIME:	127.978841066	2208
TIME:	128.033704042	2209
TIME:	128.093389034	2210
TIME:	128.141889095	2211
TIME:	128.191202164	2212
TIME:	128.256492138	2213
TIME:	128.359601021	2214
TIME:	128.412559032	2215
TIME:	128.465572119	2216
TIME:	128.514253139	2217
TIME:	128.5676651	2218
TIME:	128.614688158	2219
TIME:	128.670977116	2220
TIME:	128.718464136	2221
TIME:	128.766514063	2222
TIME:	128.829081059	2223
TIME:	128.891705036	2224
TIME:	128.940273046	2225
TIME:	129.003019094	2226
TIME:	129.055015087	2227
TIME:	129.113694191	2228
TIME:	129.169177055	2229
TIME:	129.244202137	2230
TIME:	129.293292046	2231
TIME:	129.342511177	2232
TIME:	129.407163143	2233
TIME:	129.478529215	2234
TIME:	129.528234005	2235
TIME:	129.576035023	2236
TIME:	129.623767138	2237
TIME:	129.685893059	2238
TIME:	129.739831209	2239
TIME:	129.788918018	2240
TIME:	129.837414026	2241
TIME:	129.886766195	2242
TIME:	129.942538023	2243
TIME:	129.994333029	2244
TIME:	130.041887999	2245
TIME:	130.102310181	2246
TIME:	130.155709028	2247
TIME:	130.221667051	2248
TIME:	130.274067163	2249
TIME:	130.33398819	2250
TIME:	130.386659145	2251
TIME:	130.445065022	2252
TIME:	130.514902115	2253
TIME:	130.583255053	2254
TIME:	130.636860132	2255
TIME:	130.689748049	2256
TIME:	130.737240076	2257
TIME:	130.786768198	2258
TIME:	130.842051029	2259
TIME:	130.914199114	2260
TIME:	130.972202063	2261
TIME:	131.023829222	2262
TIME:	131.075439215	2263
TIME:	131.125261068	2264
TIME:	131.188876152	2265
TIME:	131.248477221	2266
TIME:	131.296480179	2267
TIME:	131.354878187	2268
TIME:	131.411911011	2269
TIME:	131.47826314	2270
TIME:	131.531266212	2271
TIME:	131.586078167	2272
TIME:	131.644549131	2273
TIME:	131.694219112	2274
TIME:	131.75129199	2275
TIME:	131.809547186	2276
TIME:	131.865175009	2277
TIME:	131.924725056	2278
TIME:	131.977140188	2279
TIME:	132.033722162	2280
TIME:	132.0831182	2281
TIME:	132.133141041	2282
TIME:	132.196858168	2283
TIME:	132.249598026	2284
TIME:	132.29855299	2285
TIME:	132.346609116	2286
TIME:	132.399043083	2287
TIME:	132.44610405	2288
TIME:	132.496465206	2289
TIME:	132.544183016	2290
TIME:	132.594811201	2291
TIME:	132.64283514	2292
TIME:	132.726044178	2293
TIME:	132.774774075	2294
TIME:	132.821726084	2295
TIME:	132.869335175	2296
TIME:	132.91805315	2297
TIME:	132.967817068	2298
TIME:	133.015833139	2299
TIME:	133.074258089	2300
TIME:	133.134575129	2301
TIME:	133.200838089	2302
TIME:	133.257800102	2303
TIME:	133.320809126	2304
TIME:	133.387247086	2305
TIME:	133.459211111	2306
TIME:	133.514662027	2307
TIME:	133.576217175	2308
TIME:	133.641384125	2309
TIME:	133.709768057	2310
TIME:	133.770720005	2311
TIME:	133.828130007	2312
TIME:	133.900783062	2313
TIME:	133.961841106	2314
TIME:	134.016995192	2315
TIME:	134.079650164	2316
TIME:	134.134182215	2317
TIME:	134.190923214	2318
TIME:	134.245103121	2319
TIME:	134.301596165	2320
TIME:	134.359912157	2321
TIME:	134.417036057	2322
TIME:	134.46887517	2323
TIME:	134.519260168	2324
TIME:	134.572824001	2325
TIME:	134.625601053	2326
TIME:	134.679127216	2327
TIME:	134.731976032	2328
TIME:	134.79471612	2329
TIME:	134.851972103	2330
TIME:	134.919416189	2331
TIME:	134.974467039	2332
TIME:	135.028847218	2333
TIME:	135.082109213	2334
TIME:	135.136683226	2335
TIME:	135.189388037	2336
TIME:	135.241728067	2337
TIME:	135.297144175	2338
TIME:	135.349912167	2339
TIME:	135.417200089	2340
TIME:	135.471087217	2341
TIME:	135.523591995	2342
TIME:	135.585441113	2343
TIME:	135.639803171	2344
TIME:	135.692903042	2345
TIME:	135.749618053	2346
TIME:	135.814959049	2347
TIME:	135.870436192	2348
TIME:	135.924332142	2349
TIME:	135.98071599	2350
TIME:	136.034969091	2351
TIME:	136.091055155	2352
TIME:	136.150812149	2353
TIME:	136.206948996	2354
TIME:	136.261669159	2355
TIME:	136.325929165	2356
TIME:	136.397316217	2357
TIME:	136.452848196	2358
TIME:	136.511799097	2359
TIME:	136.570070028	2360
TIME:	136.628601074	2361
TIME:	136.695622206	2362
TIME:	136.754513025	2363
TIME:	136.815777063	2364
TIME:	136.873016119	2365
TIME:	136.928552151	2366
TIME:	136.985089064	2367
TIME:	137.039966106	2368
TIME:	137.095959187	2369
TIME:	137.150840044	2370
TIME:	137.213706017	2371
TIME:	137.273082018	2372
TIME:	137.330357075	2373
TIME:	137.386732101	2374
TIME:	137.457511187	2375
TIME:	137.513782024	2376
TIME:	137.571664095	2377
TIME:	137.633047104	2378
TIME:	137.691190004	2379
TIME:	137.747126102	2380
TIME:	137.801277161	2381
TIME:	137.854893208	2382
TIME:	137.910688162	2383
TIME:	137.989346027	2384
TIME:	138.060364008	2385
TIME:	138.114931107	2386
TIME:	138.1693542	2387
TIME:	138.222600222	2388
TIME:	138.275255203	2389
TIME:	138.32865715	2390
TIME:	138.382441998	2391
TIME:	138.440531015	2392
TIME:	138.504049063	2393
TIME:	138.568171024	2394
TIME:	138.629638195	2395
TIME:	138.705049038	2396
TIME:	138.757726192	2397
TIME:	138.80827117	2398
TIME:	138.859935045	2399
TIME:	138.91310215	2400
TIME:	138.966012001	2401
TIME:	139.019000053	2402
TIME:	139.070964098	2403
TIME:	139.126826048	2404
TIME:	139.184580088	2405
TIME:	139.250974178	2406
TIME:	139.317834139	2407
TIME:	139.41557312	2408
TIME:	139.517385006	2409
TIME:	139.602823019	2410
TIME:	139.664439201	2411
TIME:	139.717371225	2412
TIME:	139.76901722	2413
TIME:	139.819815159	2414
TIME:	139.871863127	2415
TIME:	139.923015118	2416
TIME:	139.981377125	2417
TIME:	140.043413162	2418
TIME:	140.098484993	2419
TIME:	140.153917074	2420
TIME:	140.205030203	2421
TIME:	140.256313086	2422
TIME:	140.307024002	2423
TIME:	140.358901024	2424
TIME:	140.411915064	2425
TIME:	140.4662292	2426
TIME:	140.529421091	2427
TIME:	140.591234207	2428
TIME:	140.654839993	2429
TIME:	140.712177038	2430
TIME:	140.770853996	2431
TIME:	140.836136103	2432
TIME:	140.891273022	2433
TIME:	140.951736212	2434
TIME:	141.013743162	2435
TIME:	141.083420992	2436
TIME:	141.139059067	2437
TIME:	141.204277039	2438
TIME:	141.266808033	2439
TIME:	141.32905221	2440
TIME:	141.387531042	2441
TIME:	141.455890179	2442
TIME:	141.51705122	2443
TIME:	141.573647022	2444
TIME:	141.636721134	2445
TIME:	141.690080166	2446
TIME:	141.743286133	2447
TIME:	141.797910213	2448
TIME:	141.851161003	2449
TIME:	141.904907227	2450
TIME:	141.95816803	2451
TIME:	142.012979031	2452
TIME:	142.067723989	2453
TIME:	142.122495174	2454
TIME:	142.176479101	2455
TIME:	142.230442047	2456
TIME:	142.288654089	2457
TIME:	142.345909119	2458
TIME:	142.414282084	2459
TIME:	142.468543053	2460
TIME:	142.521593094	2461
TIME:	142.57525301	2462
TIME:	142.629951	2463
TIME:	142.683269024	2464
TIME:	142.737366199	2465
TIME:	142.791924	2466
TIME:	142.847307205	2467
TIME:	142.901073217	2468
TIME:	142.953727007	2469
TIME:	143.007479191	2470
TIME:	143.067707062	2471
TIME:	143.12688899	2472
TIME:	143.19314909	2473
TIME:	143.287317038	2474
TIME:	143.413081169	2475
TIME:	143.545255184	2476
TIME:	143.657362223	2477
TIME:	143.743015051	2478
TIME:	143.805170059	2479
TIME:	143.899668217	2480
TIME:	144.037371159	2481
TIME:	144.144025087	2482
TIME:	144.234616041	2483
TIME:	144.316542149	2484
TIME:	144.439217091	2485
TIME:	144.527920008	2486
TIME:	144.582291126	2487
TIME:	144.638949156	2488
TIME:	144.697962046	2489
TIME:	144.748084068	2490
TIME:	144.800323009	2491
TIME:	144.851091146	2492
TIME:	144.903145075	2493
TIME:	144.955962181	2494
TIME:	145.020624161	2495
TIME:	145.074389219	2496
TIME:	145.126100063	2497
TIME:	145.177893162	2498
TIME:	145.228922129	2499
TIME:	145.276745081	2500
TIME:	145.323095083	2501
TIME:	145.369827032	2502
TIME:	145.425366163	2503
TIME:	145.473299026	2504
TIME:	145.522485018	2505
TIME:	145.579170227	2506
TIME:	145.644169092	2507
TIME:	145.745930195	2508
TIME:	145.841407061	2509
TIME:	145.937335014	2510
TIME:	146.043116093	2511
TIME:	146.120173216	2512
TIME:	146.169863224	2513
TIME:	146.217342138	2514
TIME:	146.279636145	2515
TIME:	146.394648075	2516
TIME:	146.499058008	2517
TIME:	146.597994089	2518
TIME:	146.689409018	2519
TIME:	146.794842005	2520
TIME:	146.879821062	2521
TIME:	146.967836142	2522
TIME:	147.041480064	2523
TIME:	147.093472004	2524
TIME:	147.148742199	2525
TIME:	147.201486111	2526
TIME:	147.254892111	2527
TIME:	147.333151102	2528
TIME:	147.402001143	2529
TIME:	147.462856054	2530
TIME:	147.510592222	2531
TIME:	147.571771145	2532
TIME:	147.627209187	2533
TIME:	147.679822206	2534
TIME:	147.737678051	2535
TIME:	147.794992208	2536
TIME:	147.846541166	2537
TIME:	147.898907185	2538
TIME:	147.947030067	2539
TIME:	147.995602131	2540
TIME:	148.045455217	2541
TIME:	148.096506119	2542
TIME:	148.155448198	2543
TIME:	148.208663225	2544
TIME:	148.261085033	2545
TIME:	148.314452171	2546
TIME:	148.375399113	2547
TIME:	148.42801404	2548
TIME:	148.477712154	2549
TIME:	148.523171186	2550
TIME:	148.57130909	2551
TIME:	148.62143302	2552
TIME:	148.679998159	2553
TIME:	148.739099026	2554
TIME:	148.798104048	2555
TIME:	148.852509022	2556
TIME:	148.905034065	2557
TIME:	148.957444191	2558
TIME:	149.012099028	2559
TIME:	149.069902182	2560
TIME:	149.130242109	2561
TIME:	149.1863482	2562
TIME:	149.247130156	2563
TIME:	149.305862188	2564
TIME:	149.361915112	2565
TIME:	149.427386999	2566
TIME:	149.490851164	2567
TIME:	149.548110008	2568
TIME:	149.602878094	2569
TIME:	149.6626091	2570
TIME:	149.743013144	2571
TIME:	149.799300194	2572
TIME:	149.855997086	2573
TIME:	149.944493055	2574
TIME:	150.065931082	2575
TIME:	150.137613058	2576
TIME:	150.196960211	2577
TIME:	150.257362127	2578
TIME:	150.321148157	2579
TIME:	150.379306078	2580
TIME:	150.439332008	2581
TIME:	150.501101017	2582
TIME:	150.561626196	2583
TIME:	150.616917133	2584
TIME:	150.676162004	2585
TIME:	150.731957197	2586
TIME:	150.784358025	2587
TIME:	150.835218191	2588
TIME:	150.886998177	2589
TIME:	150.941905022	2590
TIME:	150.992972136	2591
TIME:	151.046761036	2592
TIME:	151.099893093	2593
TIME:	151.15251112	2594
TIME:	151.207148075	2595
TIME:	151.287131071	2596
TIME:	151.34615016	2597
TIME:	151.41042304	2598
TIME:	151.464831114	2599
TIME:	151.51820302	2600
TIME:	151.570596218	2601
TIME:	151.623650074	2602
TIME:	151.676446199	2603
TIME:	151.731764078	2604
TIME:	151.78464222	2605
TIME:	151.841371059	2606
TIME:	151.893283129	2607
TIME:	151.944808006	2608
TIME:	151.996786118	2609
TIME:	152.049738169	2610
TIME:	152.101875067	2611
TIME:	152.154797077	2612
TIME:	152.231178999	2613
TIME:	152.298808098	2614
TIME:	152.360698223	2615
TIME:	152.421356201	2616
TIME:	152.479320049	2617
TIME:	152.535186052	2618
TIME:	152.593249083	2619
TIME:	152.64668107	2620
TIME:	152.70433712	2621
TIME:	152.759928226	2622
TIME:	152.813369989	2623
TIME:	152.869011164	2624
TIME:	152.93487215	2625
TIME:	152.995931149	2626
TIME:	153.057640076	2627
TIME:	153.113278151	2628
TIME:	153.166451216	2629
TIME:	153.2227211	2630
TIME:	153.280846119	2631
TIME:	153.345093012	2632
TIME:	153.408782005	2633
TIME:	153.4701581	2634
TIME:	153.529494047	2635
TIME:	153.619614124	2636
TIME:	153.701994181	2637
TIME:	153.800058126	2638
TIME:	153.874922037	2639
TIME:	153.929715157	2640
TIME:	153.985869169	2641
TIME:	154.046730995	2642
TIME:	154.102683067	2643
TIME:	154.175483227	2644
TIME:	154.233594179	2645
TIME:	154.295602083	2646
TIME:	154.354137182	2647
TIME:	154.410831213	2648
TIME:	154.467698097	2649
TIME:	154.525685072	2650
TIME:	154.582892179	2651
TIME:	154.640363216	2652
TIME:	154.69779706	2653
TIME:	154.754618168	2654
TIME:	154.815930128	2655
TIME:	154.878736019	2656
TIME:	154.938004017	2657
TIME:	154.992837191	2658
TIME:	155.05025506	2659
TIME:	155.100466013	2660
TIME:	155.149519205	2661
TIME:	155.196663141	2662
TIME:	155.243929148	2663
TIME:	155.302083015	2664
TIME:	155.350170135	2665
TIME:	155.403145075	2666
TIME:	155.457262039	2667
TIME:	155.504848003	2668
TIME:	155.555522203	2669
TIME:	155.605115175	2670
TIME:	155.653670073	2671
TIME:	155.705665112	2672
TIME:	155.753939152	2673
TIME:	155.804205179	2674
TIME:	155.851186991	2675
TIME:	155.899830103	2676
TIME:	155.95166707	2677
TIME:	155.999038219	2678
TIME:	156.049727201	2679
TIME:	156.098875046	2680
TIME:	156.14802599	2681
TIME:	156.196159124	2682
TIME:	156.245657206	2683
TIME:	156.293376207	2684
TIME:	156.339382172	2685
TIME:	156.386734009	2686
TIME:	156.435756207	2687
TIME:	156.48223114	2688
TIME:	156.527583122	2689
TIME:	156.571732044	2690
TIME:	156.623328209	2691
TIME:	156.669692993	2692
TIME:	156.721099138	2693
TIME:	156.768368006	2694
TIME:	156.815652132	2695
TIME:	156.861970186	2696
TIME:	156.907010078	2697
TIME:	156.952498198	2698
TIME:	156.998021126	2699
TIME:	157.044892073	2700
TIME:	157.092852116	2701
TIME:	157.141071081	2702
TIME:	157.192405224	2703
TIME:	157.239459038	2704
TIME:	157.287142038	2705
TIME:	157.337143183	2706
TIME:	157.383728027	2707
TIME:	157.436708212	2708
TIME:	157.482873201	2709
TIME:	157.529610157	2710
TIME:	157.575967073	2711
TIME:	157.623827219	2712
TIME:	157.673766136	2713
TIME:	157.721482992	2714
TIME:	157.767068148	2715
TIME:	157.813781023	2716
TIME:	157.860903025	2717
TIME:	157.908684015	2718
TIME:	157.955224991	2719
TIME:	158.002444029	2720
TIME:	158.050590992	2721
TIME:	158.101221085	2722
TIME:	158.136816025	2723
TIME:	158.194396019	2724
TIME:	158.259641171	2725
TIME:	158.315466166	2726
TIME:	165.06174612	2727
TIME:	165.120440006	2728
TIME:	165.170248032	2729
TIME:	174.805107117	2730
TIME:	174.866755009	2731
TIME:	174.925429106	2732
TIME:	181.929167032	2733
